frame,status,missing,extra,detection_ratio,alignment_ok,pattern_alignment_warn,machine_stop,frame_quality,capture_quality_degraded,angle_deg,shift_x,roi_warning,centering_reliable,offset_px,left_margin_std,right_margin_std,pattern_left_slope_deg,pattern_right_slope_deg,left_edge_slope_deg,right_edge_slope_deg
frame_0000.png,OK,0,0,1.1285,True,False,False,GOOD,False,0.000,-16.000,ROI width ratio 1.69x,True,11.289,1.443,1.258,0.803,0.154,1.071,0.232
frame_0001.png,OK,0,0,1.1285,True,False,False,GOOD,False,0.000,-15.500,ROI width ratio 1.69x,True,11.381,1.371,1.290,0.805,0.172,0.999,-0.062
frame_0002.png,OK,0,0,1.1285,True,False,False,GOOD,False,0.000,-15.500,ROI width ratio 1.69x,True,11.381,1.371,1.290,0.805,0.172,0.999,-0.062
frame_0003.png,OK,0,0,1.1453,True,False,False,GOOD,False,0.000,-15.500,ROI width ratio 1.69x,True,11.779,1.607,1.290,0.795,0.358,1.041,-0.000
frame_0004.png,OK,0,0,1.1397,True,False,False,GOOD,False,0.000,-15.500,ROI width ratio 1.69x,True,11.366,1.294,1.240,0.736,0.293,0.999,-0.084
frame_0005.png,OK,0,0,1.1397,True,False,False,GOOD,False,0.000,-16.000,ROI width ratio 1.69x,True,10.913,1.152,1.022,0.737,0.299,1.209,-0.000
frame_0006.png,OK,0,0,1.1397,True,False,False,GOOD,False,0.000,-16.000,ROI width ratio 1.69x,True,10.913,1.152,1.022,0.737,0.299,1.209,-0.000
frame_0007.png,OK,0,0,1.1397,True,False,False,GOOD,False,0.000,-16.000,ROI width ratio 1.69x,True,11.355,0.965,1.024,0.840,0.044,1.042,-0.098
frame_0008.png,OK,0,0,1.1397,True,False,False,GOOD,False,0.000,-16.000,ROI width ratio 1.69x,True,11.259,1.652,1.409,0.765,0.268,1.052,0.232
frame_0009.png,OK,0,0,1.1397,True,False,False,GOOD,False,0.000,-16.000,ROI width ratio 1.69x,True,12.281,1.599,1.257,0.858,0.224,0.901,0.140
frame_0010.png,OK,0,0,1.1397,True,False,False,GOOD,False,0.000,-16.000,ROI width ratio 1.69x,True,12.281,1.599,1.257,0.858,0.224,0.901,0.140
frame_0011.png,OK,0,0,1.1397,True,False,False,GOOD,False,0.000,-16.000,ROI width ratio 1.70x,True,11.901,1.550,1.428,0.810,0.091,1.091,-0.236
frame_0012.png,OK,0,0,1.1508,True,False,False,GOOD,False,0.000,-18.000,ROI width ratio 1.68x,True,12.507,1.122,0.923,0.800,-0.077,1.206,-0.160
frame_0013.png,OK,0,0,1.1676,True,False,False,GOOD,False,0.000,-17.000,ROI width ratio 1.67x,True,11.447,1.349,1.236,0.691,0.136,1.151,0.061
frame_0014.png,OK,0,0,1.1676,True,False,False,GOOD,False,0.000,-17.000,ROI width ratio 1.66x,True,11.327,1.483,1.127,0.713,0.293,1.008,-0.316
frame_0015.png,OK,0,0,1.1676,True,False,False,GOOD,False,0.000,-17.000,ROI width ratio 1.66x,True,11.327,1.483,1.127,0.713,0.293,1.008,-0.316
frame_0016.png,OK,0,0,1.1676,True,False,False,GOOD,False,0.000,-17.000,ROI width ratio 1.66x,True,10.445,1.328,1.117,0.762,0.266,0.949,-0.084
frame_0017.png,OK,0,0,1.1508,True,False,False,GOOD,False,0.000,-17.000,ROI width ratio 1.69x,True,10.678,1.136,1.387,0.772,0.139,1.037,-0.302
frame_0018.png,OK,0,0,1.1564,True,False,False,LOW_QUALITY,False,0.000,-18.000,ROI width ratio 1.69x,True,10.903,1.511,1.029,0.760,-0.003,1.030,-0.094
frame_0019.png,OK,0,0,1.1564,True,False,False,LOW_QUALITY,False,0.000,-18.000,ROI width ratio 1.69x,True,10.903,1.511,1.029,0.760,-0.003,1.030,-0.094
frame_0020.png,OK,0,0,1.1508,True,False,False,LOW_QUALITY,False,0.000,-17.500,ROI width ratio 1.69x,True,11.703,1.559,8.074,0.683,1.167,0.783,0.301
frame_0021.png,OK,0,0,1.1453,True,False,False,GOOD,False,0.000,-17.500,ROI width ratio 1.71x,True,12.250,1.510,7.697,0.692,0.738,0.887,0.656
frame_0022.png,OK,0,0,1.1341,True,False,False,GOOD,False,0.000,-16.500,ROI width ratio 1.69x,True,10.881,1.420,1.343,0.804,0.115,0.911,0.143
frame_0023.png,OK,0,0,1.1341,True,False,False,GOOD,False,0.000,-17.000,ROI width ratio 1.70x,True,11.477,1.535,1.503,0.714,0.128,1.110,-0.037
frame_0024.png,OK,0,0,1.1341,True,False,False,GOOD,False,0.000,-17.000,ROI width ratio 1.70x,True,11.477,1.535,1.503,0.714,0.128,1.110,-0.037
frame_0025.png,OK,0,0,1.1341,True,False,False,GOOD,False,0.000,-17.000,ROI width ratio 1.71x,True,11.345,1.437,1.647,0.705,0.100,0.910,0.323
frame_0026.png,OK,0,0,1.1341,True,False,False,GOOD,False,0.000,-16.500,ROI width ratio 1.71x,True,11.065,1.534,1.599,0.718,0.064,0.957,0.021
frame_0027.png,OK,0,0,1.1676,True,False,False,GOOD,False,0.000,-17.500,ROI width ratio 1.68x,True,10.651,1.363,1.053,0.847,0.181,0.984,0.394
frame_0028.png,OK,0,0,1.1676,True,False,False,LOW_QUALITY,False,0.000,-17.500,ROI width ratio 1.68x,True,11.082,1.409,1.148,0.754,0.160,0.780,0.174
frame_0029.png,OK,0,0,1.1676,True,False,False,LOW_QUALITY,False,0.000,-17.500,ROI width ratio 1.68x,True,11.082,1.409,1.148,0.754,0.160,0.780,0.174
frame_0030.png,OK,0,0,1.1397,True,False,False,GOOD,False,0.000,-18.000,ROI width ratio 1.69x,True,12.602,1.399,0.918,0.634,0.579,0.367,0.606
frame_0031.png,OK,0,0,1.1397,True,False,False,GOOD,False,0.000,-16.500,ROI width ratio 1.68x,True,10.676,1.093,1.041,0.628,0.161,0.802,0.231
frame_0032.png,OK,0,0,1.1676,True,False,False,GOOD,False,0.000,-16.500,ROI width ratio 1.66x,True,9.989,1.222,0.965,0.635,0.571,0.539,0.626
frame_0033.png,OK,0,0,1.1676,True,False,False,GOOD,False,0.000,-16.500,ROI width ratio 1.66x,True,9.989,1.222,0.965,0.635,0.571,0.539,0.626
frame_0034.png,OK,0,0,1.1397,True,False,False,GOOD,False,0.000,-17.000,ROI width ratio 1.68x,True,10.359,1.422,1.097,0.589,0.471,1.006,0.362
frame_0035.png,OK,0,0,1.1397,True,False,False,GOOD,False,0.000,-16.500,ROI width ratio 1.68x,True,10.689,1.075,1.101,0.661,0.124,0.676,0.172
frame_0036.png,OK,0,0,1.1453,True,False,False,GOOD,False,0.000,-17.000,ROI width ratio 1.67x,True,10.773,0.948,0.718,0.569,0.448,0.651,0.297
frame_0037.png,OK,0,0,1.1564,True,False,False,GOOD,False,0.000,-18.500,ROI drift X -18.5px | ROI width ratio 1.68x,True,11.746,1.548,1.020,0.760,0.006,1.143,0.354
frame_0038.png,OK,0,0,1.1564,True,False,False,GOOD,False,0.000,-18.500,ROI drift X -18.5px | ROI width ratio 1.68x,True,11.746,1.548,1.020,0.760,0.006,1.143,0.354
frame_0039.png,OK,0,0,1.1676,True,False,False,LOW_QUALITY,False,0.000,-17.500,ROI width ratio 1.67x,True,10.680,1.013,7.461,0.667,0.855,0.710,0.543
frame_0040.png,OK,0,0,1.1676,True,False,False,LOW_QUALITY,False,0.000,-17.500,ROI width ratio 1.68x,True,11.395,1.375,7.881,0.757,1.123,1.037,0.392
frame_0041.png,OK,0,0,1.1676,True,False,False,GOOD,False,0.000,-17.000,ROI width ratio 1.68x,True,10.677,1.651,1.492,0.744,-0.021,1.001,-0.027
frame_0042.png,OK,0,0,1.1676,True,False,False,GOOD,False,0.000,-17.000,ROI width ratio 1.68x,True,10.677,1.651,1.492,0.744,-0.021,1.001,-0.027
frame_0043.png,OK,0,0,1.1397,True,False,False,GOOD,False,0.000,-16.000,ROI width ratio 1.69x,True,11.203,1.528,1.359,0.731,0.111,1.013,-0.153
frame_0044.png,OK,0,0,1.1341,True,False,False,GOOD,False,0.000,-16.000,ROI width ratio 1.70x,True,11.603,1.176,1.298,0.743,0.229,0.723,0.109
frame_0045.png,OK,0,0,1.1732,True,False,False,LOW_QUALITY,False,0.000,-17.500,ROI width ratio 1.68x,True,11.889,1.311,8.144,0.832,0.837,0.879,0.102
frame_0046.png,OK,0,0,1.1732,True,False,False,LOW_QUALITY,False,0.000,-17.500,ROI width ratio 1.68x,True,11.889,1.311,8.144,0.832,0.837,0.879,0.102
frame_0047.png,OK,0,0,1.1676,True,False,False,LOW_QUALITY,False,0.000,-18.000,ROI width ratio 1.68x,True,11.767,1.793,1.315,0.905,0.186,1.228,-0.297
frame_0048.png,OK,0,0,1.1508,True,False,False,GOOD,False,0.000,-16.000,ROI width ratio 1.69x,True,11.420,1.360,1.382,0.607,0.315,0.594,-0.601
frame_0049.png,OK,0,0,1.1676,True,False,False,GOOD,False,0.000,-16.500,ROI width ratio 1.66x,True,10.742,0.833,0.934,0.751,0.283,1.028,0.212
frame_0050.png,OK,0,0,1.1676,True,False,False,GOOD,False,0.000,-16.500,ROI width ratio 1.66x,True,10.742,0.833,0.934,0.751,0.283,1.028,0.212
frame_0051.png,OK,0,0,1.1620,True,False,False,GOOD,False,0.000,-16.500,ROI width ratio 1.66x,True,10.156,0.891,0.790,0.713,0.365,0.939,0.192
frame_0052.png,OK,0,0,1.1453,True,False,False,GOOD,False,0.000,-16.000,ROI width ratio 1.67x,True,10.346,1.311,0.986,0.646,0.380,0.698,0.234
frame_0053.png,OK,0,0,1.1676,True,False,False,GOOD,False,0.000,-16.500,ROI width ratio 1.65x,True,10.222,1.089,0.955,0.722,0.284,1.025,-0.052
frame_0054.png,OK,0,0,1.1397,True,False,False,GOOD,False,0.000,-17.000,ROI width ratio 1.69x,True,11.469,1.563,1.403,0.824,0.131,1.409,-0.438
frame_0055.png,OK,0,0,1.1397,True,False,False,GOOD,False,0.000,-17.000,ROI width ratio 1.69x,True,11.469,1.563,1.403,0.824,0.131,1.409,-0.438
frame_0056.png,OK,0,0,1.1453,True,False,False,GOOD,False,0.000,-18.000,ROI width ratio 1.67x,True,11.945,1.429,1.351,0.839,0.376,0.778,0.163
frame_0057.png,OK,0,0,1.1397,True,False,False,GOOD,False,0.000,-17.000,ROI width ratio 1.70x,True,11.621,1.577,1.866,0.851,0.057,1.013,-0.655
frame_0058.png,OK,0,0,1.1508,True,False,False,GOOD,False,0.000,-18.500,ROI drift X -18.5px | ROI width ratio 1.67x,True,11.605,1.197,0.794,0.903,0.011,1.286,-0.134
frame_0059.png,OK,0,0,1.1397,True,False,False,LOW_QUALITY,False,0.000,-17.500,ROI width ratio 1.70x,True,11.511,1.733,1.069,0.905,0.290,1.166,0.110
frame_0060.png,OK,0,0,1.1397,True,False,False,LOW_QUALITY,False,0.000,-17.500,ROI width ratio 1.70x,True,11.511,1.733,1.069,0.905,0.290,1.166,0.110
frame_0061.png,OK,0,0,1.1453,True,False,False,GOOD,False,0.000,-18.000,ROI width ratio 1.69x,True,12.037,1.423,0.934,0.697,0.231,0.991,0.131
frame_0062.png,OK,0,0,1.1676,True,False,False,GOOD,False,0.000,-18.000,ROI width ratio 1.69x,True,11.671,1.406,1.526,0.854,0.020,1.189,-0.586
frame_0063.png,OK,0,0,1.1788,True,False,False,LOW_QUALITY,False,0.000,-18.000,ROI width ratio 1.67x,True,11.648,1.273,7.431,0.795,-1.372,1.346,-0.644
frame_0064.png,OK,0,0,1.1788,True,False,False,LOW_QUALITY,False,0.000,-18.000,ROI width ratio 1.67x,True,11.648,1.273,7.431,0.795,-1.372,1.346,-0.644
frame_0065.png,OK,0,0,1.1788,True,False,False,LOW_QUALITY,False,0.000,-17.000,ROI width ratio 1.68x,True,12.140,1.122,1.099,0.792,0.087,1.256,-0.381
frame_0066.png,OK,0,0,1.1844,True,False,False,GOOD,False,0.000,-17.000,ROI width ratio 1.67x,True,11.460,1.192,7.956,0.806,1.489,0.457,0.238
frame_0067.png,OK,0,0,1.1453,True,False,False,GOOD,False,0.000,-16.000,ROI width ratio 1.69x,True,11.941,1.123,1.256,0.757,-0.173,0.625,0.311
frame_0068.png,OK,0,0,1.1397,True,False,False,GOOD,False,0.000,-17.000,ROI width ratio 1.68x,True,11.388,1.552,1.162,0.750,0.470,0.987,0.359
frame_0069.png,OK,0,0,1.1397,True,False,False,GOOD,False,0.000,-17.000,ROI width ratio 1.68x,True,11.388,1.552,1.162,0.750,0.470,0.987,0.359
frame_0070.png,OK,0,0,1.1397,True,False,False,GOOD,False,0.000,-16.000,ROI width ratio 1.67x,True,10.269,1.576,1.195,0.876,0.076,0.912,0.220
frame_0071.png,OK,0,0,1.1397,True,False,False,GOOD,False,0.000,-17.000,ROI width ratio 1.69x,True,11.282,1.488,1.176,0.856,0.447,0.947,0.566
frame_0072.png,OK,0,0,1.1453,True,False,False,GOOD,False,0.000,-17.000,ROI width ratio 1.68x,True,11.025,1.400,1.469,0.854,0.225,0.911,0.217
frame_0073.png,OK,0,0,1.1453,True,False,False,GOOD,False,0.000,-17.000,ROI width ratio 1.68x,True,11.025,1.400,1.469,0.854,0.225,0.911,0.217
frame_0074.png,OK,0,0,1.1453,True,False,False,GOOD,False,0.000,-16.000,ROI width ratio 1.67x,True,10.395,1.344,1.279,0.808,0.659,0.631,0.222
frame_0075.png,OK,0,0,1.1453,True,False,False,GOOD,False,0.000,-16.500,ROI width ratio 1.69x,True,11.153,1.562,1.357,0.838,0.162,0.868,0.157
frame_0076.png,OK,0,0,1.1564,True,False,False,GOOD,False,0.000,-16.500,ROI width ratio 1.67x,True,10.481,1.314,0.952,0.805,0.503,0.802,0.233
frame_0077.png,OK,0,0,1.1564,True,False,False,GOOD,False,0.000,-16.500,ROI width ratio 1.67x,True,10.481,1.314,0.952,0.805,0.503,0.802,0.233
frame_0078.png,OK,0,0,1.1453,True,False,False,GOOD,False,0.000,-16.000,ROI width ratio 1.67x,True,10.367,1.342,1.242,0.795,0.228,0.781,0.185
frame_0079.png,OK,0,0,1.1453,True,False,False,GOOD,False,0.000,-16.500,ROI width ratio 1.69x,True,11.233,1.505,1.257,0.834,0.566,1.006,0.130
frame_0080.png,OK,0,0,1.1453,True,False,False,GOOD,False,0.000,-16.500,ROI width ratio 1.68x,True,11.723,1.383,1.239,0.865,0.515,0.809,0.166
frame_0081.png,OK,0,0,1.1453,True,False,False,GOOD,False,0.000,-16.500,ROI width ratio 1.69x,True,11.658,1.274,0.713,0.677,0.634,0.992,0.391
frame_0082.png,OK,0,0,1.1453,True,False,False,GOOD,False,0.000,-16.500,ROI width ratio 1.69x,True,11.658,1.274,0.713,0.677,0.634,0.992,0.391
frame_0083.png,OK,0,0,1.1508,True,False,False,LOW_QUALITY,False,0.000,-17.500,ROI width ratio 1.69x,True,12.254,1.463,1.406,0.801,0.279,0.727,0.069
frame_0084.png,OK,0,0,1.1676,True,False,False,LOW_QUALITY,False,0.000,-18.000,ROI width ratio 1.67x,True,11.946,1.276,1.192,0.900,0.188,1.067,0.000
frame_0085.png,OK,0,0,1.1564,True,False,False,LOW_QUALITY,False,0.000,-17.000,ROI width ratio 1.70x,True,11.876,1.623,1.658,0.901,0.275,1.141,-0.217
frame_0086.png,OK,0,0,1.1564,True,False,False,LOW_QUALITY,False,0.000,-17.000,ROI width ratio 1.70x,True,11.876,1.623,1.658,0.901,0.275,1.141,-0.217
frame_0087.png,OK,0,0,1.1676,True,False,False,LOW_QUALITY,False,0.000,-17.000,ROI width ratio 1.67x,True,10.773,0.912,0.744,0.813,0.348,0.853,0.209
frame_0088.png,OK,0,0,1.1788,True,False,False,LOW_QUALITY,False,0.000,-16.500,ROI width ratio 1.68x,True,11.120,1.379,1.300,0.908,0.039,0.984,0.126
frame_0089.png,OK,0,0,1.1676,True,False,False,LOW_QUALITY,False,0.000,-15.500,ROI width ratio 1.69x,True,11.949,1.393,1.465,0.841,0.083,1.007,-0.327
frame_0090.png,OK,0,0,1.1508,True,False,False,GOOD,False,0.000,-16.500,ROI width ratio 1.70x,True,11.372,1.265,8.413,0.849,1.128,0.950,0.635
frame_0091.png,OK,0,0,1.1508,True,False,False,GOOD,False,0.000,-16.500,ROI width ratio 1.70x,True,11.372,1.265,8.413,0.849,1.128,0.950,0.635
frame_0092.png,OK,0,0,1.1732,True,False,False,LOW_QUALITY,False,0.000,-15.500,ROI width ratio 1.68x,True,11.165,1.485,7.841,0.744,1.524,0.894,0.373
frame_0093.png,OK,0,0,1.1732,True,False,False,LOW_QUALITY,False,0.000,-16.500,ROI width ratio 1.66x,True,11.071,1.634,1.315,0.836,0.024,0.967,0.197
frame_0094.png,OK,0,0,1.1508,True,False,False,GOOD,False,0.000,-16.000,ROI width ratio 1.67x,True,10.826,0.808,1.019,0.784,0.355,0.966,0.283
frame_0095.png,OK,0,0,1.1508,True,False,False,GOOD,False,0.000,-16.000,ROI width ratio 1.67x,True,10.826,0.808,1.019,0.784,0.355,0.966,0.283
frame_0096.png,OK,0,0,1.1397,True,False,False,GOOD,False,0.000,-16.000,ROI width ratio 1.67x,True,10.551,0.838,0.699,0.825,0.122,1.008,0.027
frame_0097.png,OK,0,0,1.1341,True,False,False,GOOD,False,0.000,-16.000,ROI width ratio 1.69x,True,11.579,1.366,0.818,0.827,0.121,0.839,0.304
frame_0098.png,OK,0,0,1.1453,True,False,False,GOOD,False,0.000,-16.000,ROI width ratio 1.67x,True,10.588,1.323,1.256,0.807,0.291,0.890,0.074
frame_0099.png,OK,0,0,1.1453,True,False,False,GOOD,False,0.000,-16.000,ROI width ratio 1.67x,True,10.588,1.323,1.256,0.807,0.291,0.890,0.074
frame_0100.png,OK,0,0,1.1397,True,False,False,GOOD,False,0.000,-16.000,ROI width ratio 1.69x,True,11.466,1.379,1.293,0.870,0.242,1.146,-0.000
frame_0101.png,OK,0,0,1.1341,True,False,False,GOOD,False,0.000,-16.000,ROI width ratio 1.69x,True,11.036,1.357,1.112,0.882,0.224,0.805,-0.292
frame_0102.png,OK,0,0,1.1397,True,False,False,GOOD,False,0.000,-16.000,ROI width ratio 1.68x,True,10.757,1.508,1.322,0.861,0.045,0.778,-0.045
frame_0103.png,OK,0,0,1.1453,True,False,False,GOOD,False,0.000,-15.500,ROI width ratio 1.68x,True,10.752,1.220,0.985,0.770,0.236,1.013,-0.018
frame_0104.png,OK,0,0,1.1453,True,False,False,GOOD,False,0.000,-15.500,ROI width ratio 1.68x,True,10.752,1.220,0.985,0.770,0.236,1.013,-0.018
frame_0105.png,OK,0,0,1.1508,True,False,False,GOOD,False,0.000,-15.500,ROI width ratio 1.68x,True,10.663,1.247,1.211,0.746,0.253,0.890,0.038
frame_0106.png,OK,0,0,1.1508,True,False,False,GOOD,False,0.000,-15.500,ROI width ratio 1.67x,True,10.280,1.297,1.167,0.697,0.275,1.000,0.000
frame_0107.png,OK,0,0,1.1453,True,False,False,GOOD,False,0.000,-16.000,ROI width ratio 1.68x,True,10.900,1.649,1.388,0.724,0.003,0.772,-0.000
frame_0108.png,OK,0,0,1.1453,True,False,False,GOOD,False,0.000,-16.000,ROI width ratio 1.68x,True,10.900,1.649,1.388,0.724,0.003,0.772,-0.000
frame_0109.png,OK,0,0,1.1508,True,False,False,GOOD,False,0.000,-15.500,ROI width ratio 1.67x,True,10.110,1.244,1.057,0.714,0.160,0.967,0.000
frame_0110.png,OK,0,0,1.1508,True,False,False,GOOD,False,0.000,-16.000,ROI width ratio 1.67x,True,10.164,1.329,1.158,0.803,0.176,0.804,-0.279
frame_0111.png,OK,0,0,1.1508,True,False,False,GOOD,False,0.000,-15.500,ROI width ratio 1.68x,True,10.233,1.295,1.071,0.806,0.217,0.947,-0.257
frame_0112.png,OK,0,0,1.1508,True,False,False,GOOD,False,0.000,-15.500,ROI width ratio 1.67x,True,9.960,1.145,1.185,0.695,0.185,1.034,-0.279
frame_0113.png,OK,0,0,1.1508,True,False,False,GOOD,False,0.000,-15.500,ROI width ratio 1.67x,True,9.960,1.145,1.185,0.695,0.185,1.034,-0.279
frame_0114.png,OK,0,0,1.1508,True,False,False,GOOD,False,0.000,-15.500,ROI width ratio 1.68x,True,10.565,1.347,1.059,0.788,0.258,0.999,0.157
frame_0115.png,OK,0,0,1.1508,True,False,False,GOOD,False,0.000,-15.500,ROI width ratio 1.68x,True,10.403,1.215,1.105,0.767,0.243,0.967,0.000
frame_0116.png,OK,0,0,1.1397,True,False,False,GOOD,False,0.000,-16.000,ROI width ratio 1.69x,True,11.300,1.033,0.859,0.809,0.231,0.884,0.041
frame_0117.png,OK,0,0,1.1453,True,False,False,GOOD,False,0.000,-16.000,ROI width ratio 1.69x,True,11.086,1.519,1.291,0.881,0.324,1.092,0.000
frame_0118.png,OK,0,0,1.1453,True,False,False,GOOD,False,0.000,-16.000,ROI width ratio 1.69x,True,11.086,1.519,1.291,0.881,0.324,1.092,0.000
frame_0119.png,OK,0,0,1.1508,True,False,False,GOOD,False,0.000,-15.500,ROI width ratio 1.68x,True,11.727,1.513,1.343,0.821,0.261,0.860,0.038
frame_0120.png,OK,0,0,1.1397,True,False,False,LOW_QUALITY,False,0.000,-14.000,ROI width ratio 1.70x,True,10.479,0.959,1.052,0.901,0.250,0.999,0.321
frame_0121.png,OK,0,0,1.1508,True,False,False,LOW_QUALITY,False,0.000,-15.500,ROI width ratio 1.68x,True,11.268,1.273,0.824,1.005,0.192,1.115,-0.250
frame_0122.png,OK,0,0,1.1508,True,False,False,LOW_QUALITY,False,0.000,-15.500,ROI width ratio 1.68x,True,11.268,1.273,0.824,1.005,0.192,1.115,-0.250
frame_0123.png,OK,0,0,1.1676,True,False,False,LOW_QUALITY,False,0.000,-15.000,ROI width ratio 1.70x,True,11.524,1.084,8.173,0.856,1.601,1.109,0.165
frame_0124.png,OK,0,0,1.1676,True,False,False,LOW_QUALITY,False,0.000,-16.500,ROI width ratio 1.69x,True,12.576,2.037,1.418,0.920,0.030,1.390,-0.060
frame_0125.png,OK,0,0,1.1620,True,False,False,LOW_QUALITY,False,0.000,-15.500,ROI width ratio 1.69x,True,11.742,1.667,8.229,0.819,0.581,1.006,-0.297
frame_0126.png,OK,0,0,1.1676,True,False,False,LOW_QUALITY,False,0.000,-15.500,ROI width ratio 1.68x,True,11.374,1.139,1.329,0.873,0.229,1.013,-0.212
frame_0127.png,OK,0,0,1.1676,True,False,False,LOW_QUALITY,False,0.000,-15.500,ROI width ratio 1.68x,True,11.374,1.139,1.329,0.873,0.229,1.013,-0.212
frame_0128.png,OK,0,0,1.1844,True,False,False,LOW_QUALITY,False,0.000,-17.000,ROI width ratio 1.66x,True,11.294,1.109,0.745,0.775,0.227,1.072,-0.225
frame_0129.png,OK,0,0,1.1564,True,False,False,LOW_QUALITY,False,0.000,-16.500,ROI width ratio 1.68x,True,11.585,1.643,1.301,0.810,0.167,1.006,0.222
frame_0130.png,OK,0,0,1.1564,True,False,False,LOW_QUALITY,False,0.000,-16.500,ROI width ratio 1.68x,True,11.585,1.643,1.301,0.810,0.167,1.006,0.222
frame_0131.png,OK,0,0,1.1564,True,False,False,GOOD,False,0.000,-16.500,ROI width ratio 1.67x,True,11.167,0.970,0.923,0.810,0.207,1.291,-0.283
frame_0132.png,OK,0,0,1.1676,True,False,False,GOOD,False,0.000,-16.000,ROI width ratio 1.68x,True,11.392,1.586,1.264,0.857,0.139,0.999,-0.040
frame_0133.png,OK,0,0,1.1564,True,False,False,GOOD,False,0.000,-16.500,ROI width ratio 1.66x,True,11.178,1.385,1.257,0.859,0.369,1.179,-0.078
frame_0134.png,OK,0,0,1.1620,True,False,False,GOOD,False,0.000,-15.500,ROI width ratio 1.67x,True,10.720,1.364,1.123,0.866,0.084,0.984,0.339
frame_0135.png,OK,0,0,1.1620,True,False,False,GOOD,False,0.000,-15.500,ROI width ratio 1.67x,True,10.720,1.364,1.123,0.866,0.084,0.984,0.339
frame_0136.png,OK,0,0,1.1676,True,False,False,GOOD,False,0.000,-16.500,ROI width ratio 1.66x,True,10.868,1.568,1.360,0.872,0.410,0.884,0.212
frame_0137.png,OK,0,0,1.1508,True,False,False,GOOD,False,0.000,-16.000,ROI width ratio 1.68x,True,11.016,1.458,1.356,0.881,-0.132,1.043,-0.043
frame_0138.png,OK,0,0,1.1564,True,False,False,GOOD,False,0.000,-15.500,ROI width ratio 1.68x,True,11.183,1.300,1.045,0.881,-0.007,1.050,-0.243
frame_0139.png,OK,0,0,1.1564,True,False,False,GOOD,False,0.000,-15.500,ROI width ratio 1.68x,True,11.183,1.300,1.045,0.881,-0.007,1.050,-0.243
frame_0140.png,OK,0,0,1.1676,True,False,False,GOOD,False,0.000,-16.000,ROI width ratio 1.67x,True,10.897,1.575,1.383,0.898,-0.066,0.991,0.264
frame_0141.png,OK,0,0,1.1676,True,False,False,GOOD,False,0.000,-15.500,ROI width ratio 1.68x,True,10.939,1.482,1.449,0.885,0.013,1.039,0.250
frame_0142.png,OK,0,0,1.1564,True,False,False,GOOD,False,0.000,-15.500,ROI width ratio 1.68x,True,10.808,1.365,1.053,0.812,-0.033,0.927,0.443
frame_0143.png,OK,0,0,1.1676,True,False,False,GOOD,False,0.000,-15.500,ROI width ratio 1.68x,True,10.828,1.583,1.276,0.872,-0.076,0.991,0.327
frame_0144.png,OK,0,0,1.1564,True,False,False,GOOD,False,0.000,-15.500,ROI width ratio 1.68x,True,11.268,1.294,1.074,0.886,-0.092,1.008,0.198
frame_0145.png,OK,0,0,1.1564,True,False,False,GOOD,False,0.000,-15.500,ROI width ratio 1.68x,True,11.268,1.294,1.074,0.886,-0.092,1.008,0.198
frame_0146.png,OK,0,0,1.1620,True,False,False,GOOD,False,0.000,-15.500,ROI width ratio 1.68x,True,11.245,1.311,1.216,0.885,-0.086,1.050,0.279
frame_0147.png,OK,0,0,1.1564,True,False,False,GOOD,False,0.000,-15.500,ROI width ratio 1.68x,True,10.574,1.147,0.964,0.895,-0.089,0.947,0.084
frame_0148.png,OK,0,0,1.1564,True,False,False,GOOD,False,0.000,-15.500,ROI width ratio 1.68x,True,11.152,1.299,1.093,0.892,-0.084,1.050,0.243
frame_0149.png,OK,0,0,1.1564,True,False,False,GOOD,False,0.000,-15.500,ROI width ratio 1.68x,True,11.152,1.299,1.093,0.892,-0.084,1.050,0.243
frame_0150.png,OK,0,0,1.1620,True,False,False,GOOD,False,0.000,-15.500,ROI width ratio 1.68x,True,11.286,1.316,1.194,0.891,0.008,1.050,0.279
frame_0151.png,OK,0,0,1.1676,True,False,False,GOOD,False,0.000,-15.500,ROI width ratio 1.68x,True,11.311,1.294,1.196,0.892,0.022,1.050,0.279
frame_0152.png,OK,0,0,1.1564,True,False,False,GOOD,False,0.000,-16.000,ROI width ratio 1.66x,True,11.268,1.304,0.782,0.808,0.330,0.791,0.522
frame_0153.png,OK,0,0,1.1564,True,False,False,GOOD,False,0.000,-16.000,ROI width ratio 1.66x,True,11.268,1.304,0.782,0.808,0.330,0.791,0.522
frame_0154.png,OK,0,0,1.1676,True,False,False,GOOD,False,0.000,-16.000,ROI width ratio 1.68x,True,11.922,1.698,1.172,0.773,0.497,1.100,0.066
frame_0155.png,OK,0,0,1.1676,True,False,False,LOW_QUALITY,False,0.000,-15.500,ROI width ratio 1.68x,True,10.900,1.198,1.022,0.778,0.365,1.063,0.305
frame_0156.png,OK,0,0,1.1788,True,False,False,LOW_QUALITY,False,0.000,-17.500,ROI width ratio 1.68x,True,11.705,1.393,1.259,0.853,-0.092,1.129,-0.314
frame_0157.png,OK,0,0,1.1788,True,False,False,LOW_QUALITY,False,0.000,-17.500,ROI width ratio 1.68x,True,11.705,1.393,1.259,0.853,-0.092,1.129,-0.314
frame_0158.png,OK,0,0,1.1788,True,False,False,LOW_QUALITY,False,0.000,-16.500,ROI width ratio 1.66x,True,11.737,1.689,1.368,0.792,-0.269,1.220,-0.393
frame_0159.png,OK,0,0,1.1676,True,False,False,LOW_QUALITY,False,0.000,-15.500,ROI width ratio 1.70x,True,11.582,1.893,1.876,0.842,-0.152,1.405,-0.541
frame_0160.png,OK,0,0,1.1620,True,False,False,LOW_QUALITY,False,0.000,-16.000,ROI width ratio 1.68x,True,11.987,1.257,7.481,0.804,1.470,0.766,0.255
frame_0161.png,OK,0,0,1.1564,True,False,False,LOW_QUALITY,False,0.000,-14.500,ROI width ratio 1.68x,True,11.263,0.943,0.828,0.895,0.096,0.920,-0.260
frame_0162.png,OK,0,0,1.1564,True,False,False,LOW_QUALITY,False,0.000,-14.500,ROI width ratio 1.68x,True,11.263,0.943,0.828,0.895,0.096,0.920,-0.260
frame_0163.png,OK,0,0,1.1732,True,False,False,LOW_QUALITY,False,0.000,-15.000,ROI width ratio 1.66x,True,10.864,1.175,0.687,0.881,0.495,1.191,-0.143
frame_0164.png,OK,0,0,1.1788,True,False,False,LOW_QUALITY,False,0.000,-16.000,ROI width ratio 1.67x,True,12.074,1.364,7.713,0.723,0.687,0.844,0.024
frame_0165.png,OK,0,0,1.1676,True,False,False,LOW_QUALITY,False,0.000,-15.000,ROI width ratio 1.67x,True,11.071,1.678,1.413,0.869,0.047,1.133,-0.270
frame_0166.png,OK,0,0,1.1676,True,False,False,LOW_QUALITY,False,0.000,-15.000,ROI width ratio 1.67x,True,11.071,1.678,1.413,0.869,0.047,1.133,-0.270
frame_0167.png,OK,0,0,1.1508,True,False,False,GOOD,False,0.000,-17.000,ROI width ratio 1.66x,True,11.405,1.264,0.894,0.870,0.473,0.999,-0.043
frame_0168.png,OK,0,0,1.1397,True,False,False,GOOD,False,0.000,-16.000,ROI width ratio 1.69x,True,11.386,1.607,1.171,0.842,0.365,1.054,0.176
frame_0169.png,OK,0,0,1.1453,True,False,False,GOOD,False,0.000,-16.000,ROI width ratio 1.69x,True,11.547,1.391,1.121,0.797,0.377,0.965,-0.039
frame_0170.png,OK,0,0,1.1564,True,False,False,GOOD,False,0.000,-16.000,ROI width ratio 1.69x,True,11.183,1.531,1.076,0.778,0.283,1.054,-0.136
frame_0171.png,OK,0,0,1.1564,True,False,False,GOOD,False,0.000,-16.000,ROI width ratio 1.69x,True,11.183,1.531,1.076,0.778,0.283,1.054,-0.136
frame_0172.png,OK,0,0,1.1508,True,False,False,GOOD,False,0.000,-16.000,ROI width ratio 1.68x,True,10.824,1.450,1.149,0.785,0.277,1.096,-0.402
frame_0173.png,OK,0,0,1.1508,True,False,False,GOOD,False,0.000,-15.500,ROI width ratio 1.68x,True,10.650,1.408,1.077,0.807,0.344,1.097,-0.281
frame_0174.png,OK,0,0,1.1508,True,False,False,GOOD,False,0.000,-15.500,ROI width ratio 1.68x,True,10.530,1.434,1.162,0.807,0.322,1.115,-0.365
frame_0175.png,OK,0,0,1.1508,True,False,False,GOOD,False,0.000,-15.500,ROI width ratio 1.68x,True,11.000,1.343,1.119,0.811,0.363,1.120,-0.292
frame_0176.png,OK,0,0,1.1508,True,False,False,GOOD,False,0.000,-15.500,ROI width ratio 1.68x,True,11.000,1.343,1.119,0.811,0.363,1.120,-0.292
frame_0177.png,OK,0,0,1.1508,True,False,False,GOOD,False,0.000,-15.500,ROI width ratio 1.68x,True,10.703,1.457,1.009,0.757,0.354,1.123,-0.340
frame_0178.png,OK,0,0,1.1508,True,False,False,GOOD,False,0.000,-15.500,ROI width ratio 1.68x,True,10.870,1.366,1.140,0.803,0.349,1.120,-0.292
frame_0179.png,OK,0,0,1.1508,True,False,False,GOOD,False,0.000,-15.500,ROI width ratio 1.68x,True,10.804,1.449,1.020,0.802,0.291,1.123,-0.299
frame_0180.png,OK,0,0,1.1508,True,False,False,GOOD,False,0.000,-15.500,ROI width ratio 1.68x,True,10.804,1.449,1.020,0.802,0.291,1.123,-0.299
frame_0181.png,OK,0,0,1.1508,True,False,False,GOOD,False,0.000,-15.500,ROI width ratio 1.68x,True,11.385,1.505,1.189,0.791,0.142,1.253,-0.039
frame_0182.png,OK,0,0,1.1453,True,False,False,GOOD,False,0.000,-15.500,ROI width ratio 1.68x,True,11.551,1.308,1.085,0.795,0.313,1.080,-0.007
frame_0183.png,OK,0,0,1.1453,True,False,False,GOOD,False,0.000,-15.500,ROI width ratio 1.68x,True,11.118,1.371,0.992,0.902,0.305,1.252,-0.292
frame_0184.png,OK,0,0,1.1453,True,False,False,GOOD,False,0.000,-15.500,ROI width ratio 1.68x,True,11.118,1.371,0.992,0.902,0.305,1.252,-0.292
frame_0185.png,OK,0,0,1.1453,True,False,False,GOOD,False,0.000,-15.500,ROI width ratio 1.68x,True,11.539,1.310,1.074,0.793,0.315,1.080,-0.007
frame_0186.png,OK,0,0,1.1453,True,False,False,GOOD,False,0.000,-16.000,ROI width ratio 1.69x,True,11.385,1.398,1.180,0.796,0.322,1.098,-0.105
frame_0187.png,OK,0,0,1.1397,True,False,False,GOOD,False,0.000,-15.000,ROI width ratio 1.69x,True,11.708,1.644,1.308,0.816,0.271,1.240,0.037
frame_0188.png,OK,0,0,1.1397,True,False,False,GOOD,False,0.000,-15.000,ROI width ratio 1.69x,True,11.708,1.644,1.308,0.816,0.271,1.240,0.037
frame_0189.png,OK,0,0,1.1397,True,False,False,GOOD,False,0.000,-16.500,ROI width ratio 1.68x,True,11.846,1.708,1.155,0.869,0.248,1.409,-0.224
frame_0190.png,OK,0,0,1.1453,True,False,False,GOOD,False,0.000,-15.500,ROI width ratio 1.69x,True,11.718,1.556,1.639,0.794,0.237,0.804,-0.143
frame_0191.png,OK,0,0,1.1508,True,False,False,GOOD,False,0.000,-15.500,ROI width ratio 1.69x,True,11.938,1.522,1.497,0.861,0.184,0.884,0.100
frame_0192.png,OK,0,0,1.1508,True,False,False,GOOD,False,0.000,-15.500,ROI width ratio 1.69x,True,11.938,1.522,1.497,0.861,0.184,0.884,0.100
frame_0193.png,OK,0,0,1.1508,True,False,False,GOOD,False,0.000,-16.500,ROI width ratio 1.69x,True,12.359,1.500,1.236,0.867,0.100,0.769,0.249
frame_0194.png,OK,0,0,1.1732,True,False,False,LOW_QUALITY,False,0.000,-16.500,ROI width ratio 1.68x,True,12.636,1.716,1.153,0.734,-0.057,1.043,0.019
frame_0195.png,OK,0,0,1.1676,True,False,False,LOW_QUALITY,False,0.000,-15.500,ROI width ratio 1.68x,True,11.321,0.941,8.034,0.823,1.546,0.967,0.390
frame_0196.png,OK,0,0,1.1676,True,False,False,LOW_QUALITY,False,0.000,-16.000,ROI width ratio 1.67x,True,11.517,1.110,6.284,0.862,0.324,0.883,0.220
frame_0197.png,OK,0,0,1.1676,True,False,False,LOW_QUALITY,False,0.000,-16.000,ROI width ratio 1.67x,True,11.517,1.110,6.284,0.862,0.324,0.883,0.220
frame_0198.png,OK,0,0,1.1564,True,False,False,LOW_QUALITY,False,0.000,-16.000,ROI width ratio 1.69x,True,11.968,0.894,0.858,0.855,0.594,0.930,0.731
frame_0199.png,OK,0,0,1.1844,True,False,False,LOW_QUALITY,False,0.000,-17.000,ROI width ratio 1.66x,True,11.308,1.070,1.013,0.841,0.385,1.006,0.292
frame_0200.png,OK,0,0,1.1676,True,False,False,LOW_QUALITY,False,0.000,-16.500,ROI width ratio 1.68x,True,12.029,1.513,7.840,0.885,1.186,1.110,0.000
frame_0201.png,OK,0,0,1.1732,True,False,False,GOOD,False,0.000,-17.000,ROI width ratio 1.66x,True,11.672,0.765,7.585,0.683,0.493,1.002,0.613
frame_0202.png,OK,0,0,1.1732,True,False,False,GOOD,False,0.000,-17.000,ROI width ratio 1.66x,True,11.672,0.765,7.585,0.683,0.493,1.002,0.613
frame_0203.png,OK,0,0,1.1397,True,False,False,GOOD,False,0.000,-15.000,ROI width ratio 1.69x,True,11.343,1.246,1.365,0.868,0.073,1.052,0.311
frame_0204.png,OK,0,0,1.1453,True,False,False,GOOD,False,0.000,-16.500,ROI width ratio 1.67x,True,11.426,1.353,1.075,0.854,0.312,0.935,0.250
frame_0205.png,OK,0,0,1.1453,True,False,False,GOOD,False,0.000,-16.000,ROI width ratio 1.66x,True,10.945,1.292,1.261,0.944,0.393,1.062,0.102
frame_0206.png,OK,0,0,1.1453,True,False,False,GOOD,False,0.000,-16.000,ROI width ratio 1.66x,True,10.945,1.292,1.261,0.944,0.393,1.062,0.102
frame_0207.png,OK,0,0,1.1397,True,False,False,GOOD,False,0.000,-16.000,ROI width ratio 1.68x,True,11.836,1.382,1.202,0.866,0.108,0.760,-0.103
frame_0208.png,OK,0,0,1.1676,True,False,False,GOOD,False,0.000,-16.000,ROI width ratio 1.68x,True,11.623,1.479,1.136,0.843,0.310,1.209,0.121
frame_0209.png,OK,0,0,1.1564,True,False,False,GOOD,False,0.000,-17.000,ROI width ratio 1.67x,True,11.472,1.081,0.675,0.863,0.263,1.013,0.168
frame_0210.png,OK,0,0,1.1285,True,False,False,GOOD,False,0.000,-16.000,ROI width ratio 1.70x,True,11.751,1.585,1.387,0.874,0.529,1.056,0.397
frame_0211.png,OK,0,0,1.1285,True,False,False,GOOD,False,0.000,-16.000,ROI width ratio 1.70x,True,11.751,1.585,1.387,0.874,0.529,1.056,0.397
frame_0212.png,OK,0,0,1.1564,True,False,False,GOOD,False,0.000,-18.000,ROI width ratio 1.67x,True,11.805,1.576,1.214,0.890,0.132,1.115,-0.362
frame_0213.png,OK,0,0,1.1453,True,False,False,GOOD,False,0.000,-15.500,ROI width ratio 1.67x,True,10.874,1.536,1.474,0.893,0.243,1.045,0.047
frame_0214.png,OK,0,0,1.1453,True,False,False,GOOD,False,0.000,-15.000,ROI width ratio 1.67x,True,11.027,1.380,1.266,0.875,0.279,0.718,0.092
frame_0215.png,OK,0,0,1.1453,True,False,False,GOOD,False,0.000,-15.000,ROI width ratio 1.67x,True,11.027,1.380,1.266,0.875,0.279,0.718,0.092
frame_0216.png,OK,0,0,1.1397,True,False,False,GOOD,False,0.000,-16.500,ROI width ratio 1.68x,True,11.599,1.548,1.249,0.835,0.181,1.041,-0.000
frame_0217.png,OK,0,0,1.1397,True,False,False,GOOD,False,0.000,-17.000,ROI width ratio 1.69x,True,12.193,1.337,1.394,0.829,0.278,0.885,0.020
frame_0218.png,OK,0,0,1.1453,True,False,False,GOOD,False,0.000,-16.000,ROI width ratio 1.68x,True,11.664,1.354,1.322,0.899,0.163,1.015,0.038
frame_0219.png,OK,0,0,1.1676,True,False,False,GOOD,False,0.000,-17.000,ROI width ratio 1.67x,True,11.741,1.308,1.177,0.843,0.393,0.852,0.052
frame_0220.png,OK,0,0,1.1676,True,False,False,GOOD,False,0.000,-17.000,ROI width ratio 1.67x,True,11.741,1.308,1.177,0.843,0.393,0.852,0.052
frame_0221.png,OK,0,0,1.1397,True,False,False,GOOD,False,0.000,-16.000,ROI width ratio 1.68x,True,11.116,1.454,1.158,0.885,0.258,0.701,0.071
frame_0222.png,OK,0,0,1.1397,True,False,False,GOOD,False,0.000,-17.000,ROI width ratio 1.69x,True,11.818,1.697,1.379,0.812,0.203,0.927,-0.271
frame_0223.png,OK,0,0,1.1397,True,False,False,GOOD,False,0.000,-16.500,ROI width ratio 1.69x,True,11.570,1.596,1.532,0.915,-0.126,0.940,-0.278
frame_0224.png,OK,0,0,1.1453,True,False,False,GOOD,False,0.000,-17.000,ROI width ratio 1.69x,True,11.211,1.503,1.482,0.842,0.385,1.040,-0.523
frame_0225.png,OK,0,0,1.1453,True,False,False,GOOD,False,0.000,-17.000,ROI width ratio 1.69x,True,11.211,1.503,1.482,0.842,0.385,1.040,-0.523
frame_0226.png,OK,0,0,1.1453,True,False,False,GOOD,False,0.000,-16.000,ROI width ratio 1.69x,True,11.194,1.272,1.326,0.919,0.417,1.088,-0.292
frame_0227.png,OK,0,0,1.1397,True,False,False,GOOD,False,0.000,-16.500,ROI width ratio 1.68x,True,11.595,1.557,1.229,0.928,0.434,1.158,-0.015
frame_0228.png,OK,0,0,1.1564,True,False,False,GOOD,False,0.000,-17.000,ROI width ratio 1.67x,True,11.095,1.429,1.377,0.914,0.349,1.000,-0.102
frame_0229.png,OK,0,0,1.1564,True,False,False,GOOD,False,0.000,-17.000,ROI width ratio 1.67x,True,11.095,1.429,1.377,0.914,0.349,1.000,-0.102
frame_0230.png,OK,0,0,1.1453,True,False,False,GOOD,False,0.000,-17.000,ROI width ratio 1.69x,True,10.987,1.529,1.502,0.901,0.338,1.119,-0.155
frame_0231.png,OK,0,0,1.1453,True,False,False,GOOD,False,0.000,-16.500,ROI width ratio 1.68x,True,11.319,1.230,1.313,0.901,0.429,1.022,0.022
frame_0232.png,OK,0,0,1.1453,True,False,False,GOOD,False,0.000,-16.500,ROI width ratio 1.69x,True,11.251,1.516,1.489,0.885,0.318,1.037,-0.281
frame_0233.png,OK,0,0,1.1453,True,False,False,GOOD,False,0.000,-17.000,ROI width ratio 1.69x,True,12.269,1.494,0.930,0.863,0.293,0.835,0.170
frame_0234.png,OK,0,0,1.1453,True,False,False,GOOD,False,0.000,-17.000,ROI width ratio 1.69x,True,12.269,1.494,0.930,0.863,0.293,0.835,0.170
frame_0235.png,OK,0,0,1.1676,True,False,False,LOW_QUALITY,False,0.000,-16.500,ROI width ratio 1.68x,True,11.938,1.258,7.799,0.810,1.058,0.917,-0.084
frame_0236.png,OK,0,0,1.1732,True,False,False,LOW_QUALITY,False,0.000,-16.500,ROI width ratio 1.67x,True,11.455,1.117,7.983,0.848,1.492,0.991,0.283
frame_0237.png,OK,0,0,1.1732,True,False,False,LOW_QUALITY,False,0.000,-16.000,ROI width ratio 1.68x,True,12.153,1.143,7.714,0.816,1.621,0.527,0.611
frame_0238.png,OK,0,0,1.1732,True,False,False,LOW_QUALITY,False,0.000,-16.000,ROI width ratio 1.68x,True,12.153,1.143,7.714,0.816,1.621,0.527,0.611
frame_0239.png,OK,0,0,1.1732,True,False,False,LOW_QUALITY,False,0.000,-17.000,ROI width ratio 1.67x,True,12.806,1.467,1.316,0.919,-0.043,1.186,-0.326
frame_0240.png,OK,0,0,1.1732,True,False,False,LOW_QUALITY,False,0.000,-17.000,ROI width ratio 1.66x,True,11.354,0.954,0.898,0.862,0.441,0.884,0.110
frame_0241.png,OK,0,0,1.1620,True,False,False,LOW_QUALITY,False,0.000,-16.000,ROI width ratio 1.69x,True,12.054,1.143,1.474,0.819,-0.023,1.143,-0.602
frame_0242.png,OK,0,0,1.1788,True,False,False,LOW_QUALITY,False,0.000,-17.000,ROI width ratio 1.66x,True,11.517,1.533,1.379,0.950,-0.099,1.098,0.056
frame_0243.png,OK,0,0,1.1788,True,False,False,LOW_QUALITY,False,0.000,-17.000,ROI width ratio 1.66x,True,11.517,1.533,1.379,0.950,-0.099,1.098,0.056
frame_0244.png,OK,0,0,1.1899,True,False,False,LOW_QUALITY,False,0.000,-17.000,ROI width ratio 1.66x,True,11.444,1.559,1.303,0.856,0.048,1.024,-0.060
frame_0245.png,OK,0,0,1.1676,True,False,False,LOW_QUALITY,False,0.000,-15.500,ROI width ratio 1.68x,True,11.179,1.667,1.096,0.888,-0.034,1.364,-0.308
frame_0246.png,OK,0,0,1.1676,True,False,False,GOOD,False,0.000,-15.500,ROI width ratio 1.69x,True,12.368,1.522,1.407,0.948,0.117,1.346,-0.507
frame_0247.png,OK,0,0,1.1676,True,False,False,GOOD,False,0.000,-15.500,ROI width ratio 1.69x,True,12.368,1.522,1.407,0.948,0.117,1.346,-0.507
frame_0248.png,OK,0,0,1.1397,True,False,False,GOOD,False,0.000,-15.500,ROI width ratio 1.70x,True,11.650,1.306,1.309,0.821,0.293,0.998,-0.181
frame_0249.png,OK,0,0,1.1397,True,False,False,GOOD,False,0.000,-15.500,ROI width ratio 1.68x,True,11.844,1.290,1.055,0.881,0.065,1.199,-0.216
frame_0250.png,OK,0,0,1.1397,True,False,False,GOOD,False,0.000,-15.000,ROI width ratio 1.68x,True,11.568,1.412,1.396,0.813,0.209,1.143,-0.145
frame_0251.png,OK,0,0,1.1397,True,False,False,GOOD,False,0.000,-15.000,ROI width ratio 1.69x,True,11.835,1.687,1.374,0.843,0.195,1.253,0.045
frame_0252.png,OK,0,0,1.1397,True,False,False,GOOD,False,0.000,-15.000,ROI width ratio 1.69x,True,11.835,1.687,1.374,0.843,0.195,1.253,0.045
frame_0253.png,OK,0,0,1.1397,True,False,False,GOOD,False,0.000,-15.000,ROI width ratio 1.68x,True,11.788,1.431,1.213,0.802,0.178,0.930,-0.328
frame_0254.png,OK,0,0,1.1397,True,False,False,GOOD,False,0.000,-15.000,ROI width ratio 1.69x,True,11.249,1.743,1.352,0.822,0.164,1.068,-0.341
frame_0255.png,OK,0,0,1.1397,True,False,False,GOOD,False,0.000,-15.000,ROI width ratio 1.69x,True,11.722,1.695,1.346,0.841,0.191,1.253,0.004
frame_0256.png,OK,0,0,1.1397,True,False,False,GOOD,False,0.000,-15.000,ROI width ratio 1.69x,True,11.466,1.558,1.358,0.803,0.174,0.979,-0.319
frame_0257.png,OK,0,0,1.1397,True,False,False,GOOD,False,0.000,-15.000,ROI width ratio 1.69x,True,11.466,1.558,1.358,0.803,0.174,0.979,-0.319
frame_0258.png,OK,0,0,1.1397,True,False,False,GOOD,False,0.000,-15.000,ROI width ratio 1.69x,True,11.756,1.434,1.396,0.841,0.169,1.272,-0.077
frame_0259.png,OK,0,0,1.1397,True,False,False,GOOD,False,0.000,-15.500,ROI width ratio 1.68x,True,11.457,1.505,1.377,0.808,0.183,1.128,-0.143
frame_0260.png,OK,0,0,1.1397,True,False,False,GOOD,False,0.000,-15.000,ROI width ratio 1.69x,True,11.575,1.701,1.366,0.837,0.153,1.253,-0.307
frame_0261.png,OK,0,0,1.1397,True,False,False,GOOD,False,0.000,-15.000,ROI width ratio 1.69x,True,11.575,1.701,1.366,0.837,0.153,1.253,-0.307
frame_0262.png,OK,0,0,1.1397,True,False,False,GOOD,False,0.000,-15.000,ROI width ratio 1.69x,True,11.659,1.547,1.297,0.777,0.197,1.087,-0.017
frame_0263.png,OK,0,0,1.1397,True,False,False,GOOD,False,0.000,-15.000,ROI width ratio 1.69x,True,11.924,1.516,1.434,0.852,0.152,1.289,-0.107
frame_0264.png,OK,0,0,1.1341,True,False,False,GOOD,False,0.000,-15.000,ROI width ratio 1.69x,True,12.035,1.587,1.362,0.806,0.182,1.087,-0.028
frame_0265.png,OK,0,0,1.1341,True,False,False,GOOD,False,0.000,-15.000,ROI width ratio 1.69x,True,11.868,1.686,1.120,0.756,0.208,1.138,-0.306
frame_0266.png,OK,0,0,1.1341,True,False,False,GOOD,False,0.000,-15.000,ROI width ratio 1.69x,True,11.868,1.686,1.120,0.756,0.208,1.138,-0.306
frame_0267.png,OK,0,0,1.1397,True,False,False,GOOD,False,0.000,-15.500,ROI width ratio 1.69x,True,11.948,1.516,1.494,0.907,0.159,1.289,-0.088
frame_0268.png,OK,0,0,1.1341,True,False,False,GOOD,False,0.000,-15.000,ROI width ratio 1.69x,True,11.754,1.614,1.227,0.801,0.220,1.140,-0.360
frame_0269.png,OK,0,0,1.1508,True,False,False,GOOD,False,0.000,-15.500,ROI width ratio 1.69x,True,12.133,1.187,7.704,0.804,1.329,1.019,0.069
frame_0270.png,OK,0,0,1.1508,True,False,False,GOOD,False,0.000,-15.500,ROI width ratio 1.69x,True,12.133,1.187,7.704,0.804,1.329,1.019,0.069
frame_0271.png,OK,0,0,1.1676,True,False,False,GOOD,False,0.000,-16.000,ROI width ratio 1.66x,True,11.822,0.788,8.440,0.898,1.768,0.806,0.123
frame_0272.png,OK,0,0,1.1676,True,False,False,GOOD,False,0.000,-16.000,ROI width ratio 1.67x,True,11.164,1.221,1.115,0.876,0.184,1.033,0.172
frame_0273.png,OK,0,0,1.1453,True,False,False,GOOD,False,0.000,-15.500,ROI width ratio 1.69x,True,12.093,1.367,1.228,0.707,-0.006,0.995,-0.111
frame_0274.png,OK,0,0,1.1676,True,False,False,LOW_QUALITY,False,0.000,-16.000,ROI width ratio 1.70x,True,12.648,1.971,1.672,0.885,0.301,0.893,-0.183
frame_0275.png,OK,0,0,1.1676,True,False,False,LOW_QUALITY,False,0.000,-16.000,ROI width ratio 1.70x,True,12.648,1.971,1.672,0.885,0.301,0.893,-0.183
frame_0276.png,OK,0,0,1.1676,True,False,False,LOW_QUALITY,False,0.000,-16.000,ROI width ratio 1.69x,True,11.803,1.014,1.226,0.743,0.188,0.611,0.716
frame_0277.png,OK,0,0,1.1676,True,False,False,LOW_QUALITY,False,0.000,-16.500,ROI width ratio 1.68x,True,12.417,1.727,1.404,0.903,0.052,1.055,-0.117
frame_0278.png,OK,0,0,1.1620,True,False,False,LOW_QUALITY,False,0.000,-17.000,ROI width ratio 1.67x,True,11.809,1.224,0.865,0.816,0.363,1.030,0.135
frame_0279.png,OK,0,0,1.1732,True,False,False,LOW_QUALITY,False,0.000,-16.500,ROI width ratio 1.67x,True,11.295,0.585,0.473,0.877,0.215,1.104,0.372
frame_0280.png,OK,0,0,1.1564,True,False,False,GOOD,False,0.000,-16.500,ROI width ratio 1.68x,True,11.630,1.688,1.319,0.859,-0.151,0.940,0.027
frame_0281.png,OK,0,0,1.1564,True,False,False,GOOD,False,0.000,-16.500,ROI width ratio 1.68x,True,11.630,1.688,1.319,0.859,-0.151,0.940,0.027
frame_0282.png,OK,0,0,1.1508,True,False,False,GOOD,False,0.000,-16.000,ROI width ratio 1.68x,True,11.523,1.475,1.112,0.886,0.298,1.302,-0.029
